Name 1,Location 1,Relation Type,Name 2,Location 2,Date,Weight
Maurice Wilkins,Yaoundé,Work,Ivan Pavlov,Kinshasa,03/08/1973,1
Wilbur and Orville Wright,Yaoundé,Work,Maurice Wilkins,Yaoundé,06/08/1975,2
Wilbur and Orville Wright,Yaoundé,Friendship,Maurice Wilkins,Yaoundé,06/08/1975,3
Wilbur and Orville Wright,Yaoundé,Friendship,Hans Christian Oersted,Yaoundé,15/09/1971,4
Wilbur and Orville Wright,Addis Ababa,Work,Hans Christian Oersted,Yaoundé,15/09/1971,2
Wilbur and Orville Wright,Addis Ababa,Work,Maurice Wilkins,Addis Ababa,15/09/1971,1
Erwin Schrodinger,Vatican City,Politics,Karl Landsteiner,Sarajevo,01/01/1976,1
Erwin Schrodinger,Vatican City,Work,Michio Kaku,Kinshasa,01/01/1976,2
Erwin Schrodinger,Vatican City,Friendship,Erwin Schrodinger,La Paz,01/01/1976,1
Erwin Schrodinger,Vatican City,Friendship,George Washington Carver,Beirut,01/01/1976,3
Erwin Schrodinger,Vatican City,Work,Michael Faraday,Sarajevo,01/01/1976,1
Erwin Schrodinger,Vatican City,Work,Georg Ohm,Sarajevo,01/01/1976,1
Erwin Schrodinger,Vatican City,Work,Maurice Wilkins,Yaoundé,01/01/1976,1
Erwin Schrodinger,Vatican City,Colleges,Jean-Baptiste Lamarck,Sarajevo,01/01/1976,1
Erwin Schrodinger,Vatican City,Colleges,Maurice Hilleman,Luanda,01/01/1976,1
Maurice Hilleman,Yaoundé,Friendship,Dmitri Mendeleev,Yaoundé,01/01/1976,2
Hermann Rorschach,Baghdad,Politics,Henrietta Swan Leavitt,Baghdad,12/06/1976,3
Hermann Rorschach,Baghdad,Work,Johannes Kepler,Baghdad,12/06/1976,4
Hermann Rorschach,Baghdad,Friendship,Johannes Kepler,Baghdad,12/06/1976,2
Henrietta Swan Leavitt,Baghdad,Friendship,Lawrence Bragg,Baghdad,12/06/1976,1
Hermann Rorschach,Baghdad,Work,Maurice Wilkins,Vatican City,12/06/1976,1
Henrietta Swan Leavitt,Baghdad,Work,Lawrence Bragg,Baghdad,12/06/1976,2
Henrietta Swan Leavitt,Baghdad,Work,Maurice Wilkins,Vatican City,12/06/1976,1
Johannes Kepler,Baghdad,Politics,Maurice Wilkins,Vatican City,12/06/1976,3
Johannes Kepler,Baghdad,Friendship,Jean Piaget,Baghdad,12/06/1976,1
Hermann Rorschach,Baghdad,Friendship,Jean Piaget,Baghdad,12/06/1976,1
Lawrence Bragg,Baghdad,Politics,Maurice Wilkins,Vatican City,12/06/1976,1
Lawrence Bragg,Baghdad,Friendship,Heinrich Hertz,Baghdad,12/06/1976,1
Heinrich Hertz,Baghdad,Friendship,Henrietta Swan Leavitt,Baghdad,12/06/1976,1
Lawrence Bragg,Baghdad,Politics,Arthur Compton,Yaoundé,31/07/1976,2
Lawrence Bragg,Baghdad,Friendship,Heinrich Hertz,Baghdad,31/07/1976,3
Heinrich Hertz,Baghdad,Friendship,Henrietta Swan Leavitt,Baghdad,31/07/1976,4
Henrietta Swan Leavitt,Baghdad,Friendship,Lawrence Bragg,Baghdad,31/07/1976,2
Arthur Compton,Yaoundé,Work,Maurice Wilkins,Yaoundé,31/07/1976,1
Maurice Wilkins,Yaoundé,Work,Ivan Pavlov,Kinshasa,31/07/1976,1
Lawrence Bragg,Santiago,Politics,Ivan Pavlov,Kinshasa,31/07/1976,2
Luther Burbank,Bangkok,Work,John Dalton,Bangkok,18/09/1976,1
John Dalton,Bangkok,Work,Maurice Wilkins,Yaoundé,18/09/1976,3
Werner Heisenberg,Bangkok,Work,Maurice Wilkins,Yaoundé,18/09/1976,1
Werner Heisenberg,Bangkok,Work,James Watson,Bangkok,18/09/1976,1
John Dalton,Bangkok,Work,James Watson,Bangkok,18/09/1976,1
Maurice Wilkins,Yaoundé,Work,Arthur Compton,Yaoundé,03/12/1976,1
Maurice Wilkins,Yaoundé,Work,Arthur Compton,Yaoundé,07/02/1981,1
Maurice Wilkins,Yaoundé,Work,Wernher Von Braun,Maputo,24/03/1982,2
Maurice Wilkins,Yaoundé,Friendship,J. Robert Oppenheimer,Yaoundé,28/11/1985,3
Maurice Wilkins,Yaoundé,Friendship,J. Robert Oppenheimer,Yaoundé,02/09/1983,4
J. Robert Oppenheimer,Yaoundé,Friendship,Maurice Wilkins,Yaoundé,25/10/1989,2
J. Robert Oppenheimer,Yaoundé,Friendship,Maurice Wilkins,Yaoundé,25/10/1989,1
Maurice Wilkins,Yaoundé,Work,Justus von Liebig,Addis Ababa,25/10/1989,1
Maurice Wilkins,Yaoundé,Work,Leonardo da Vinci,Monrovia,25/10/1989,2
J. Robert Oppenheimer,Yaoundé,Work,Leonardo da Vinci,Monrovia,25/10/1989,1
Maurice Wilkins,Yaoundé,Colleges,Hans Christian Oersted,Yaoundé,26/12/1989,3
Maurice Wilkins,Yaoundé,Colleges,Virginia Apgar,Sarajevo,20/12/1983,1
Maurice Wilkins,Yaoundé,Friendship,Emile Berliner,Yaoundé,31/12/1989,1
Maurice Wilkins,Yaoundé,Friendship,Hans Christian Oersted,Yaoundé,31/12/1989,1
Hans Christian Oersted,Yaoundé,Friendship,Emile Berliner,Yaoundé,31/12/1989,1
Hans Christian Oersted,Yaoundé,Friendship,Wilbur and Orville Wright,Yaoundé,31/12/1989,1
Maurice Wilkins,Yaoundé,Friendship,Wilbur and Orville Wright,Yaoundé,31/12/1989,2
Maurice Wilkins,Yaoundé,Colleges,Gregor Mendel,Vatican City,31/12/1989,3
Maurice Wilkins,Yaoundé,Friendship,Gregor Mendel,Vatican City,31/12/1989,4
J. Robert Oppenheimer,Yaoundé,Friendship,Gregor Mendel,Vatican City,31/12/1989,2
Maurice Wilkins,Yaoundé,Work,Euclid,Vatican City,31/12/1989,1
Maurice Wilkins,Yaoundé,Work,Harold Urey,Vatican City,31/12/1989,1
Euclid,Vatican City,Work,Harold Urey,Vatican City,31/12/1989,2
Maurice Wilkins,Yaoundé,Politics,Robert Boyle,Yaoundé,31/12/1989,1
Maurice Wilkins,Yaoundé,Friendship,Aristarchus,Addis Ababa,07/01/1990,3
Maurice Wilkins,Yaoundé,Friendship,Maria Goeppert-Mayer,Addis Ababa,07/01/1990,1
Aristarchus,Addis Ababa,Friendship,Maria Goeppert-Mayer,Addis Ababa,07/01/1990,1
J. Robert Oppenheimer,Yaoundé,Colleges,Aristarchus,Addis Ababa,07/01/1990,1
Maurice Wilkins,Yaoundé,Colleges,Aristarchus,Addis Ababa,07/01/1990,1
J. Robert Oppenheimer,Yaoundé,Friendship,Aristarchus,Addis Ababa,07/01/1990,1
J. Robert Oppenheimer,Yaoundé,Colleges,Stephanie Kwolek,Yaoundé,06/06/1990,2
J. Robert Oppenheimer,Yaoundé,Colleges,Francis Crick,Yaoundé,06/06/1990,3
J. Robert Oppenheimer,Yaoundé,Colleges,Andreas Vesalius,Yaoundé,06/06/1990,4
J. Robert Oppenheimer,Yaoundé,Colleges,Al-Battani,Yaoundé,06/06/1990,2
J. Robert Oppenheimer,Yaoundé,Colleges,Barbara McClintock,Yaoundé,06/06/1990,1
J. Robert Oppenheimer,Yaoundé,Colleges,Daniel Bernoulli,Yaoundé,06/06/1990,1
J. Robert Oppenheimer,Yaoundé,Colleges,Linus Pauling,Yaoundé,06/06/1990,2
J. Robert Oppenheimer,Yaoundé,Colleges,Robert Koch,Yaoundé,06/06/1990,1
J. Robert Oppenheimer,Yaoundé,Colleges,Blaise Pascal,Yaoundé,06/06/1990,3
J. Robert Oppenheimer,Yaoundé,Colleges,Alexander Bain,Yaoundé,06/06/1990,1
J. Robert Oppenheimer,Yaoundé,Colleges,Alfred Kinsey,Yaoundé,06/06/1990,1
J. Robert Oppenheimer,Yaoundé,Colleges,Wilhelm Conrad Roentgen,Paris,06/06/1990,1
J. Robert Oppenheimer,Yaoundé,Colleges,Gottfried Leibniz,Yaoundé,06/06/1990,1
Maurice Wilkins,Yaoundé,Colleges,Stephanie Kwolek,Yaoundé,06/06/1990,1
Maurice Wilkins,Yaoundé,Colleges,Kip S. Thorne,Yaoundé,06/06/1990,2
Maurice Wilkins,Yaoundé,Colleges,Andreas Vesalius,Yaoundé,06/06/1990,3
Maurice Wilkins,Yaoundé,Colleges,Al-Battani,Yaoundé,06/06/1990,4
Maurice Wilkins,Yaoundé,Colleges,Barbara McClintock,Yaoundé,06/06/1990,2
Maurice Wilkins,Yaoundé,Colleges,Daniel Bernoulli,Yaoundé,06/06/1990,1
Maurice Wilkins,Yaoundé,Colleges,Linus Pauling,Yaoundé,06/06/1990,1
Maurice Wilkins,Yaoundé,Colleges,Robert Koch,Yaoundé,06/06/1990,2
Maurice Wilkins,Yaoundé,Colleges,Blaise Pascal,Yaoundé,06/06/1990,1
Maurice Wilkins,Yaoundé,Colleges,Alexander Bain,Yaoundé,06/06/1990,3
Maurice Wilkins,Yaoundé,Colleges,Alfred Kinsey,Yaoundé,06/06/1990,1
Maurice Wilkins,Yaoundé,Colleges,Wilhelm Conrad Roentgen,Paris,06/06/1990,1
Maurice Wilkins,Yaoundé,Colleges,Gottfried Leibniz,Yaoundé,06/06/1990,1
J. Robert Oppenheimer,Yaoundé,Friendship,Maurice Wilkins,Yaoundé,06/06/1990,1
J. Robert Oppenheimer,Yaoundé,Politics,Edwin Hubble,Abu Dhabi,06/06/1990,1
Charles Lyell,Yaoundé,Work,J. Robert Oppenheimer,Yaoundé,19/01/1992,2
Irene Joliot-Curie,Oslo,Friendship,J. Robert Oppenheimer,Yaoundé,03/06/1992,3
Wilbur and Orville Wright,Yaoundé,Politics,Benjamin Thompson,Dhaka,13/12/1960,4
Wilbur and Orville Wright,Yaoundé,Work,Brahmagupta,Rabat,11/07/1962,2
Brahmagupta,Rabat,Politics,Katharine Burr Blodgett,Ottawa,11/07/1962,1
Brahmagupta,Rabat,Politics,Charles-Augustin de Coulomb,San Salvador,11/07/1962,1
Brahmagupta,Rabat,Politics,Ernst Haeckel,San Salvador,11/07/1962,2
Wilbur and Orville Wright,Yaoundé,Politics,Katharine Burr Blodgett,Ottawa,11/07/1962,1
Wilbur and Orville Wright,Yaoundé,Politics,Charles-Augustin de Coulomb,San Salvador,11/07/1962,3
Wilbur and Orville Wright,Yaoundé,Politics,Ernst Haeckel,San Salvador,11/07/1962,1
Wilbur and Orville Wright,Yaoundé,Friendship,Alan Turing,Algiers,14/12/1963,1
Konrad Lorenz,Monrovia,Friendship,Grace Murray Hopper,Algiers,14/12/1963,1
Konrad Lorenz,Monrovia,Friendship,Grace Murray Hopper,Algiers,14/12/1963,1
Wilbur and Orville Wright,Yaoundé,Work,Konrad Lorenz,Monrovia,14/12/1963,1
Alan Turing,Algiers,Work,Grace Murray Hopper,Algiers,14/12/1963,2
Marguerite Perey,Yaoundé,Friendship,Tycho Brahe,Yaoundé,01/02/1964,3
Tycho Brahe,Yaoundé,Politics,C. V. Raman,Moscow,01/02/1964,4
Joseph Priestley,Sarajevo,Work,Carolus Linnaeus,Sarajevo,01/02/1964,2
Hedy Lamarr,Sarajevo,Colleges,William Harvey,Sarajevo,01/02/1964,1
Hedy Lamarr,Sarajevo,Colleges,Richard Feynman,Sarajevo,01/02/1964,1
Richard Feynman,Sarajevo,Work,Christiaan Huygens,Bangkok,01/02/1964,2
Hedy Lamarr,Sarajevo,Colleges,Wilbur and Orville Wright,Yaoundé,01/02/1964,1
Wilbur and Orville Wright,Yaoundé,Work,Georges-Louis Leclerc,Bangkok,01/02/1964,3
William Harvey,Sarajevo,Colleges,Richard Feynman,Sarajevo,01/02/1964,1
William Harvey,Sarajevo,Colleges,Wilbur and Orville Wright,Yaoundé,01/02/1964,1
Richard Feynman,Sarajevo,Colleges,Wilbur and Orville Wright,Yaoundé,01/02/1964,1
Tycho Brahe,Sarajevo,Colleges,Hedy Lamarr,Sarajevo,01/02/1964,1
Tycho Brahe,Sarajevo,Colleges,William Harvey,Sarajevo,01/02/1964,1
Tycho Brahe,Sarajevo,Colleges,Richard Feynman,Sarajevo,01/02/1964,2
Tycho Brahe,Sarajevo,Colleges,Wilbur and Orville Wright,Yaoundé,01/02/1964,3
Marguerite Perey,Yaoundé,Colleges,Hedy Lamarr,Sarajevo,01/02/1964,4
Marguerite Perey,Yaoundé,Colleges,William Harvey,Sarajevo,01/02/1964,2
Marguerite Perey,Yaoundé,Colleges,Richard Feynman,Sarajevo,01/02/1964,1
Marguerite Perey,Yaoundé,Colleges,Wilbur and Orville Wright,Yaoundé,01/02/1964,1
Wilbur and Orville Wright,Yaoundé,Work,Brahmagupta,Bogotá,09/04/1964,2
Brahmagupta,Rabat,Politics,Alberto Santos-Dumont,Georgetown,09/04/1964,1
Brahmagupta,Rabat,Politics,Wilhelm Röntgen,Rabat,09/04/1964,3
Brahmagupta,Rabat,Politics,Antonio Meucci,Bridgetown,09/04/1964,1
Brahmagupta,Rabat,Politics,Robert Bunsen,Tbilisi,09/04/1964,1
Brahmagupta,Rabat,Politics,B. F. Skinner,Warsaw,09/04/1964,1
Wilbur and Orville Wright,Yaoundé,Politics,Alberto Santos-Dumont,Georgetown,09/04/1964,1
Wilbur and Orville Wright,Yaoundé,Politics,Wilhelm Röntgen,Rabat,09/04/1964,1
Wilbur and Orville Wright,Yaoundé,Politics,Antonio Meucci,Bridgetown,09/04/1964,2
Wilbur and Orville Wright,Yaoundé,Politics,Robert Bunsen,Tbilisi,09/04/1964,3
Wilbur and Orville Wright,Yaoundé,Politics,B. F. Skinner,Warsaw,09/04/1964,4
Wilbur and Orville Wright,Yaoundé,Friendship,Alan Turing,Yaoundé,12/08/1966,2
Wilbur and Orville Wright,Yaoundé,Work,Alan Turing,Yaoundé,12/08/1966,1
Wilbur and Orville Wright,Yaoundé,Politics,Charles Darwin,Tbilisi,12/08/1966,1
Wilbur and Orville Wright,Yaoundé,Colleges,René Descartes,Sarajevo,12/08/1966,2
Wilbur and Orville Wright,Yaoundé,Colleges,Rachel Carson,Sarajevo,12/08/1966,1
René Descartes,Sarajevo,Colleges,Rachel Carson,Sarajevo,12/08/1966,3
Wilbur and Orville Wright,Yaoundé,Colleges,Noam Chomsky,Hanoi,25/08/1966,1
Anders Celsius,Hanoi,Work,Theodosius Dobzhansky,Hanoi,25/08/1966,1
Wilbur and Orville Wright,Yaoundé,Colleges,Francis Crick,Hanoi,25/08/1966,1
Claude Levi-Strauss,Hanoi,Work,E. O. Wilson,Hanoi,25/08/1966,1
Wilbur and Orville Wright,Yaoundé,Colleges,Luis Alvarez,Hanoi,25/08/1966,1
Wilbur and Orville Wright,Yaoundé,Colleges,Thomas Newcomen,Sarajevo,25/08/1966,2
Wilbur and Orville Wright,Yaoundé,Colleges,Inge Lehmann,Sarajevo,25/08/1966,3
Wilbur and Orville Wright,Yaoundé,Colleges,John Napier,Sarajevo,25/08/1966,4
Wilbur and Orville Wright,Yaoundé,Colleges,Louis Pasteur,Sarajevo,25/08/1966,2
Wilbur and Orville Wright,Yaoundé,Colleges,Santiago Ramón y Cajal,Bangkok,25/08/1966,1
Niels Bohr,Riyadh,Colleges,William Smith,Riyadh,31/08/1966,1
Wilbur and Orville Wright,Yaoundé,Colleges,William Smith,Riyadh,31/08/1966,2
Wolfgang Ernst Pauli,Riyadh,Colleges,Henri Becquerel,Beirut,31/08/1966,1
Henri Becquerel,Beirut,Colleges,Stephen Hawking,Riyadh,31/08/1966,3
Stephen Hawking,Riyadh,Colleges,Niels Bohr,Riyadh,31/08/1966,1
Wilbur and Orville Wright,Yaoundé,Colleges,Wolfgang Ernst Pauli,Riyadh,31/08/1966,1
Wilbur and Orville Wright,Yaoundé,Colleges,Niels Bohr,Riyadh,31/08/1966,1
Wilbur and Orville Wright,Yaoundé,Colleges,Henri Becquerel,Beirut,31/08/1966,1
Wilbur and Orville Wright,Yaoundé,Colleges,Stephen Hawking,Riyadh,31/08/1966,1
Wilbur and Orville Wright,Yaoundé,Work,Pierre-Simon Laplace,Bangkok,17/11/1966,2
Wilbur and Orville Wright,Yaoundé,Work,Nikola Tesla,Bangkok,17/11/1966,3
Pierre-Simon Laplace,Bangkok,Friendship,Nikola Tesla,Bangkok,17/11/1966,4
Pierre-Simon Laplace,Bangkok,Work,Nikola Tesla,Bangkok,17/11/1966,2
Wilbur and Orville Wright,Yaoundé,Politics,Arthur Eddington,Athens,17/11/1966,1
Wilbur and Orville Wright,Yaoundé,Politics,Archimedes,Belmopan,28/09/1967,1
Wilbur and Orville Wright,Yaoundé,Friendship,Alan Turing,N'Djamena,28/09/1967,2
Alan Turing,N'Djamena,Colleges,Emmy Noether,Sarajevo,08/03/1967,1
Alan Turing,Yaoundé,Friendship,Wilbur and Orville Wright,Yaoundé,27/11/1967,3
Alan Turing,Yaoundé,Work,Wilbur and Orville Wright,Yaoundé,27/11/1967,1
Alan Turing,Yaoundé,Politics,Karl Popper,Bangkok,27/11/1967,1
Alan Turing,Yaoundé,Politics,Nikola Tesla,Bangkok,27/11/1967,1
Alan Turing,Yaoundé,Politics,Niccolo Tartaglia,Bangkok,27/11/1967,1
Karl Popper,Bangkok,Colleges,Nikola Tesla,Bangkok,27/11/1967,1
Karl Popper,Bangkok,Colleges,Niccolo Tartaglia,Bangkok,27/11/1967,2
Nikola Tesla,Bangkok,Colleges,Niccolo Tartaglia,Bangkok,27/11/1967,3
Alan Turing,Yaoundé,Politics,Tim Noakes,Belmopan,27/11/1967,4
Alan Turing,Yaoundé,Work,Ernst Mach,Kuwait City,27/11/1967,2
Aage Bohr,Kuwait City,Work,Alexander Von Humboldt,Kuwait City,27/11/1967,1
Alan Turing,Yaoundé,Work,Dian Fossey,Monrovia,27/11/1967,1
Ernst Werner von Siemens,Belmopan,Work,Robert Goddard,Belmopan,28/04/1968,2
Robert Goddard,Belmopan,Colleges,Nicolaus Copernicus,Sarajevo,28/04/1968,1
Ernst Werner von Siemens,Belmopan,Colleges,Nicolaus Copernicus,Sarajevo,28/04/1968,3
Wilbur and Orville Wright,Yaoundé,Work,Alfred Wegener,Sarajevo,01/05/1968,1
Robert Goddard,Belmopan,Work,Wilbur and Orville Wright,Yaoundé,01/05/1968,1
Robert Goddard,Belmopan,Friendship,Alfred Binet,Belmopan,01/05/1968,1
Wilbur and Orville Wright,Yaoundé,Colleges,Isaac Newton,Monrovia,22/07/1970,1
Isaac Newton,Monrovia,Colleges,Francis Bacon,Bangkok,22/07/1970,1
Francis Bacon,Bangkok,Colleges,James Clerk Maxwell,Sarajevo,22/07/1970,2
James Clerk Maxwell,Sarajevo,Colleges,Isaac Newton,Monrovia,22/07/1970,3
Wilbur and Orville Wright,Yaoundé,Colleges,Francis Bacon,Bangkok,22/07/1970,4
Antoine Lavoisier,Monrovia,Colleges,Isaac Newton,Monrovia,22/07/1970,2
Clyde Tombaugh,Monrovia,Colleges,Isaac Newton,Monrovia,22/07/1970,1
Gene Shoemaker,Monrovia,Colleges,Isaac Newton,Monrovia,22/07/1970,1
Wilbur and Orville Wright,Yaoundé,Friendship,Frank Drake,Yaoundé,09/09/1970,2
Wilbur and Orville Wright,Yaoundé,Work,Albert Einstein,Yaoundé,09/09/1970,1
Frank Drake,Yaoundé,Work,Albert Einstein,Yaoundé,09/09/1970,3
Angel Alcala,Riyadh,Politics,Frank Drake,Yaoundé,09/09/1970,1
Angel Alcala,Riyadh,Politics,Albert Einstein,Yaoundé,09/09/1970,1
Angel Alcala,Riyadh,Politics,Wilbur and Orville Wright,Yaoundé,09/09/1970,1
Wilbur and Orville Wright,Yaoundé,Work,Frank Drake,Yaoundé,09/09/1970,1
Angel Alcala,Riyadh,Politics,Louis de Broglie,Riyadh,09/09/1970,1
Maurice Wilkins,Yaoundé,Friendship,J. Robert Oppenheimer,Yaoundé,12/10/1970,2
Maurice Wilkins,Yaoundé,Friendship,Aristarchus,Riga,12/10/1970,3
Maurice Wilkins,Yaoundé,Friendship,Albert Abraham Michelson,Riga,12/10/1970,4
Aristarchus,Riga,Friendship,Albert Abraham Michelson,Riga,12/10/1970,2
Maurice Wilkins,Yaoundé,Friendship,Wilbur and Orville Wright,Yaoundé,12/10/1970,1
J. Robert Oppenheimer,Yaoundé,Friendship,Alan Turing,Malé,12/10/1970,1
J. Robert Oppenheimer,Yaoundé,Friendship,John Logie Baird,Malé,12/10/1970,2
Alan Turing,Malé,Friendship,John Logie Baird,Malé,12/10/1970,1
J. Robert Oppenheimer,Yaoundé,Friendship,Wilbur and Orville Wright,Yaoundé,12/10/1970,3
Wilbur and Orville Wright,Yaoundé,Friendship,Alan Turing,Malé,12/10/1970,1
Wilbur and Orville Wright,Yaoundé,Work,Alan Turing,Malé,12/10/1970,1
Joseph Banks,Yaoundé,Colleges,J. Robert Oppenheimer,Yaoundé,12/10/1970,1
Joseph Banks,Yaoundé,Work,Maurice Wilkins,Yaoundé,12/10/1970,1
Henry Cavendish,Vatican City,Friendship,Maurice Wilkins,Yaoundé,12/06/1969,1
Henry Cavendish,Vatican City,Work,Maurice Wilkins,Yaoundé,12/06/1969,2
Claude Bernard,Tashkent,Politics,Maurice Wilkins,Yaoundé,11/02/1971,3
Claude Bernard,Tashkent,Friendship,Harriet Quimby,Tashkent,11/02/1971,4
Claude Bernard,Tashkent,Friendship,Oswald Avery,Tashkent,11/02/1971,2
Harriet Quimby,Tashkent,Friendship,Oswald Avery,Tashkent,11/02/1971,1
Maurice Wilkins,Yaoundé,Work,Timothy John Berners-Lee,Vatican City,11/02/1971,1
Claude Bernard,Tashkent,Politics,Pierre de Fermat,Lomé,11/02/1971,2
Claude Bernard,Tashkent,Politics,Timothy John Berners-Lee,Vatican City,11/02/1971,1
John Locke,Windhoek,Food,Hermann von Helmholtz,Windhoek,23/02/1971,3
Maurice Wilkins,Yaoundé,Colleges,John Locke,Windhoek,23/02/1971,1
Wilbur and Orville Wright,Yaoundé,Friendship,Maurice Wilkins,Yaoundé,11/03/1971,1
Wilbur and Orville Wright,Yaoundé,Friendship,J. Robert Oppenheimer,Yaoundé,11/03/1971,1
Maurice Wilkins,Yaoundé,Friendship,Galen,Yaoundé,11/03/1971,1
Wilbur and Orville Wright,Yaoundé,Work,Maurice Wilkins,Yaoundé,11/03/1971,1
Wilbur and Orville Wright,Yaoundé,Work,J. Robert Oppenheimer,Yaoundé,11/03/1971,2
Maurice Wilkins,Yaoundé,Work,Galen,Yaoundé,11/03/1971,3
Wilbur and Orville Wright,Yaoundé,Friendship,Hans Christian Oersted,Yaoundé,28/01/1972,4
Wilbur and Orville Wright,Yaoundé,Work,Hans Christian Oersted,Yaoundé,28/01/1972,2
Edward Teller,Luanda,Work,Aldo Leopold,Luanda,08/01/1972,1
Edward Teller,Luanda,Work,Thomas Alva Edison,Luanda,08/01/1972,1
Edward Teller,Luanda,Work,J. J. Thomson,Luanda,08/01/1972,2
Thomas Alva Edison,Luanda,Work,J. J. Thomson,Luanda,08/01/1972,1
Thomas Alva Edison,Luanda,Work,Aldo Leopold,Luanda,08/01/1972,3
J. J. Thomson,Luanda,Work,Aldo Leopold,Luanda,08/01/1972,1
Aldo Leopold,Luanda,Work,Joseph Lister,Islamabad,08/01/1972,1
Jane Goodall,Sarajevo,Colleges,Edward Jenner,Sarajevo,08/01/1972,1
Edward Jenner,Sarajevo,Colleges,David Hilbert,Sarajevo,08/01/1972,1
David Hilbert,Sarajevo,Colleges,Jane Goodall,Sarajevo,08/01/1972,1
Francis Bacon,Bangkok,Colleges,Svante Arrhenius,Bangkok,08/01/1972,2
Zora Neale Hurston,Yaoundé,Colleges,Francis Bacon,Bangkok,08/01/1972,3
Zora Neale Hurston,Yaoundé,Work,Svante Arrhenius,Bangkok,08/01/1972,4
Francis Bacon,Bangkok,Work,Svante Arrhenius,Bangkok,08/01/1972,2
Thomas Alva Edison,Luanda,Work,Joseph Lister,Islamabad,08/01/1972,1
J. J. Thomson,Luanda,Work,Joseph Lister,Islamabad,08/01/1972,1
Edward Teller,Luanda,Work,Joseph Lister,Islamabad,08/01/1972,2
Zora Neale Hurston,Yaoundé,Colleges,Jane Goodall,Sarajevo,08/01/1972,1
Zora Neale Hurston,Yaoundé,Colleges,Edward Jenner,Sarajevo,08/01/1972,3
Zora Neale Hurston,Yaoundé,Colleges,David Hilbert,Sarajevo,08/01/1972,1
Alexander Graham Bell,Sarajevo,Colleges,Edward Jenner,Sarajevo,12/10/1972,1
Alexander Graham Bell,Sarajevo,Colleges,Carl Friedrich Gauss,Sarajevo,12/10/1972,1
Alexander Graham Bell,Sarajevo,Colleges,Zora Neale Hurston,Yaoundé,12/10/1972,1
Alexander Graham Bell,Sarajevo,Colleges,Clarence Birdseye,Sarajevo,12/10/1972,1
Alexander Graham Bell,Sarajevo,Colleges,Richard Feynman,Sarajevo,12/10/1972,2
Alexander Graham Bell,Sarajevo,Colleges,Ernst Mayr,Sarajevo,12/10/1972,3
Alexander Graham Bell,Sarajevo,Colleges,James Chadwick,Sarajevo,12/10/1972,4
Edward Jenner,Sarajevo,Colleges,Carl Friedrich Gauss,Sarajevo,12/10/1972,2
Edward Jenner,Sarajevo,Colleges,Zora Neale Hurston,Yaoundé,12/10/1972,1
Edward Jenner,Sarajevo,Colleges,Clarence Birdseye,Sarajevo,12/10/1972,1
Edward Jenner,Sarajevo,Colleges,Richard Feynman,Sarajevo,12/10/1972,2
Edward Jenner,Sarajevo,Colleges,Ernst Mayr,Sarajevo,12/10/1972,1
Edward Jenner,Sarajevo,Colleges,James Chadwick,Sarajevo,12/10/1972,3
Carl Friedrich Gauss,Sarajevo,Colleges,Zora Neale Hurston,Yaoundé,12/10/1972,1
Carl Friedrich Gauss,Sarajevo,Colleges,Clarence Birdseye,Sarajevo,12/10/1972,1
Carl Friedrich Gauss,Sarajevo,Colleges,Richard Feynman,Sarajevo,12/10/1972,1
Carl Friedrich Gauss,Sarajevo,Colleges,Ernst Mayr,Sarajevo,12/10/1972,1
Carl Friedrich Gauss,Sarajevo,Colleges,James Chadwick,Sarajevo,12/10/1972,1
James Chadwick,Sarajevo,Work,John Ray,Sarajevo,12/10/1972,2
James Chadwick,Sarajevo,Friendship,John Ray,Sarajevo,12/10/1972,3
James Chadwick,Sarajevo,Colleges,Zora Neale Hurston,Yaoundé,12/10/1972,4
James Chadwick,Sarajevo,Colleges,Clarence Birdseye,Sarajevo,12/10/1972,2
James Chadwick,Sarajevo,Colleges,Richard Feynman,Sarajevo,12/10/1972,1
James Chadwick,Sarajevo,Colleges,Ernst Mayr,Sarajevo,12/10/1972,1
Zora Neale Hurston,Yaoundé,Work,Francis Bacon,Sarajevo,12/10/1972,2
Zora Neale Hurston,Yaoundé,Work,Svante Arrhenius,Bangkok,12/10/1972,1
Francis Bacon,Bangkok,Colleges,Svante Arrhenius,Bangkok,12/10/1972,3
Zora Neale Hurston,Yaoundé,Colleges,Clarence Birdseye,Sarajevo,12/10/1972,1
Zora Neale Hurston,Yaoundé,Colleges,Richard Feynman,Sarajevo,12/10/1972,1
Zora Neale Hurston,Yaoundé,Colleges,Ernst Mayr,Sarajevo,12/10/1972,1
Clarence Birdseye,Sarajevo,Work,Edmund Halley,Sarajevo,12/10/1972,1
Clarence Birdseye,Sarajevo,Colleges,Richard Feynman,Sarajevo,12/10/1972,1
Clarence Birdseye,Sarajevo,Colleges,Ernst Mayr,Sarajevo,12/10/1972,2
Richard Feynman,Sarajevo,Work,Christiaan Huygens,Sarajevo,12/10/1972,3
Richard Feynman,Sarajevo,Colleges,Ernst Mayr,Sarajevo,12/10/1972,4
Alexander Graham Bell,Sarajevo,Colleges,Rudolf Christian Karl Diesel,Tunis,12/10/1972,2
Edward Jenner,Sarajevo,Colleges,Rudolf Christian Karl Diesel,Tunis,12/10/1972,1
Carl Friedrich Gauss,Hanoi,Colleges,Rudolf Christian Karl Diesel,Tunis,12/10/1972,1
James Chadwick,Sarajevo,Colleges,Rudolf Christian Karl Diesel,Tunis,12/10/1972,2
Zora Neale Hurston,Yaoundé,Colleges,Rudolf Christian Karl Diesel,Tunis,12/10/1972,1
Clarence Birdseye,Sarajevo,Colleges,Rudolf Christian Karl Diesel,Tunis,12/10/1972,3
Richard Feynman,Sarajevo,Colleges,Rudolf Christian Karl Diesel,Tunis,12/10/1972,1
Ernst Mayr,Sarajevo,Colleges,Rudolf Christian Karl Diesel,Tunis,12/10/1972,1
Hans Selye,Yaoundé,Colleges,Alexander Graham Bell,Sarajevo,12/10/1972,1
Hans Selye,Yaoundé,Colleges,Zora Neale Hurston,Yaoundé,12/10/1972,1
Aristarchus,Kingston,Friendship,Homi Jehangir Bhabha,Addis Ababa,19/03/1968,1
Aristarchus,Kingston,Friendship,James Prescott Joule,Baku,19/03/1968,2
Aristarchus,Kingston,Friendship,S. N. Bose,Baku,19/03/1968,3
James Prescott Joule,Baku,Friendship,S. N. Bose,Baku,19/03/1968,4
Homi Jehangir Bhabha,Addis Ababa,Friendship,Subrahmanyan Chandrasekhar,Baku,19/03/1968,2
James Prescott Joule,Baku,Friendship,Aristarchus,Kingston,19/03/1968,1
Aristarchus,Kingston,Friendship,Homi Jehangir Bhabha,Addis Ababa,25/06/1973,1
Wilbur and Orville Wright,Baku,Work,Maurice Wilkins,Yaoundé,25/06/1973,2
Wilbur and Orville Wright,Baku,Friendship,Maurice Wilkins,Yaoundé,25/06/1973,1
Homi Jehangir Bhabha,Addis Ababa,Friendship,Maurice Wilkins,Yaoundé,25/06/1973,3
Homi Jehangir Bhabha,Addis Ababa,Friendship,S. N. Bose,Santiago,25/06/1973,1
Homi Jehangir Bhabha,Addis Ababa,Friendship,Henry Cavendish,Baku,25/06/1973,1
Homi Jehangir Bhabha,Addis Ababa,Friendship,Albert Abraham Michelson,Addis Ababa,25/06/1973,1
S. N. Bose,Santiago,Friendship,James Prescott Joule,Santiago,25/06/1973,1
Aristarchus,Kingston,Friendship,Maurice Wilkins,Yaoundé,25/06/1973,1
Aristarchus,Kingston,Friendship,S. N. Bose,Santiago,25/06/1973,2
Aristarchus,Kingston,Friendship,Henry Cavendish,Baku,25/06/1973,3
Maurice Wilkins,Yaoundé,Friendship,S. N. Bose,Santiago,25/06/1973,4
Maurice Wilkins,Yaoundé,Friendship,Henry Cavendish,Baku,25/06/1973,2
S. N. Bose,Santiago,Friendship,Henry Cavendish,Baku,25/06/1973,1
Albert Abraham Michelson,Addis Ababa,Friendship,Elizabeth Blackwell,Sarajevo,25/06/1973,1
Albert Abraham Michelson,Addis Ababa,Friendship,Humphry Davy,Sarajevo,25/06/1973,2
Elizabeth Blackwell,Addis Ababa,Friendship,Humphry Davy,Sarajevo,25/06/1973,1
Aristarchus,Kingston,Friendship,Homi Jehangir Bhabha,Addis Ababa,17/03/1974,3
Wilbur and Orville Wright,Kigali,Work,Maurice Wilkins,Yaoundé,17/03/1974,1
Wilbur and Orville Wright,Kigali,Friendship,Maurice Wilkins,Yaoundé,17/03/1974,1
Homi Jehangir Bhabha,Addis Ababa,Friendship,Maurice Wilkins,Yaoundé,17/03/1974,1
Homi Jehangir Bhabha,Addis Ababa,Friendship,S. N. Bose,Amsterdam,17/03/1974,1
Homi Jehangir Bhabha,Addis Ababa,Friendship,Henry Cavendish,Baku,17/03/1974,1
Homi Jehangir Bhabha,Addis Ababa,Friendship,Albert Abraham Michelson,Addis Ababa,17/03/1974,2
S. N. Bose,Amsterdam,Friendship,James Prescott Joule,Amsterdam,17/03/1974,3
Aristarchus,Kingston,Friendship,Maurice Wilkins,Yaoundé,17/03/1974,4
Aristarchus,Kingston,Friendship,S. N. Bose,Amsterdam,17/03/1974,2
Aristarchus,Kingston,Friendship,Henry Cavendish,Baku,17/03/1974,1
Maurice Wilkins,Yaoundé,Friendship,S. N. Bose,Amsterdam,17/03/1974,1
Maurice Wilkins,Yaoundé,Friendship,Henry Cavendish,Baku,17/03/1974,2
S. N. Bose,Amsterdam,Friendship,Henry Cavendish,Baku,17/03/1974,1
Albert Abraham Michelson,Addis Ababa,Friendship,John von Neumann,Sarajevo,17/03/1974,3
Hipparchus,Addis Ababa,Friendship,Pythagoras,Sarajevo,17/03/1974,1
Aristotle,Riga,Colleges,Aristarchus,Kingston,17/03/1974,1
Aristotle,Riga,Colleges,Wilbur and Orville Wright,Kigali,17/03/1974,1
Aristotle,Riga,Colleges,S. N. Bose,Amsterdam,17/03/1974,1
Aristotle,Riga,Colleges,Henry Cavendish,Baku,17/03/1974,1
Albert Abraham Michelson,Addis Ababa,Colleges,Hipparchus,Addis Ababa,17/03/1974,2
Homi Jehangir Bhabha,Addis Ababa,Colleges,Hipparchus,Addis Ababa,17/03/1974,3
Maurice Wilkins,Kigali,Work,Wilbur and Orville Wright,Sarajevo,19/08/1971,4
Maurice Wilkins,Kigali,Friendship,Wilbur and Orville Wright,Sarajevo,19/08/1971,2
Jane Marcet,London,Friendship,Albert Abraham Michelson,London,19/08/1971,1
Maurice Wilkins,Kigali,Friendship,Jane Marcet,London,19/08/1971,1
Maurice Wilkins,Kigali,Friendship,Albert Abraham Michelson,London,19/08/1971,2
Aristarchus,Bratislava,Friendship,Maria Goeppert-Mayer,Bratislava,28/08/1971,1
Aristarchus,Bratislava,Friendship,Maurice Wilkins,Kigali,28/08/1971,3
Aristarchus,Bratislava,Friendship,Henry Cavendish,Baku,28/08/1971,1
Aristarchus,Bratislava,Friendship,Ibn Rushd,Edinburgh,28/08/1971,1
Maurice Wilkins,Kigali,Friendship,Henry Cavendish,Baku,28/08/1971,1
Maurice Wilkins,Kigali,Friendship,Ibn Rushd,Baku,28/08/1971,1
Henry Cavendish,Baku,Friendship,Ibn Rushd,Baku,28/08/1971,1
Ibn Rushd,Baku,Friendship,James Prescott Joule,Baku,28/08/1971,2
Gertrude Elion,Baku,Friendship,Wilhelm Wundt,Baku,28/08/1971,3
Gertrude Elion,Baku,Friendship,Gottlieb Daimler,Baku,28/08/1971,4
Gertrude Elion,Baku,Friendship,Omar Khayyam,Baku,28/08/1971,2
Gertrude Elion,Baku,Friendship,Leonhard Euler,Santiago,28/08/1971,1
Gertrude Elion,Baku,Friendship,Georg Brandt,Dakar,28/08/1971,1
Gottlieb Daimler,Baku,Friendship,Omar Khayyam,Baku,28/08/1971,2
Gottlieb Daimler,Sarajevo,Friendship,Leonhard Euler,Santiago,28/08/1971,1
Gottlieb Daimler,Sarajevo,Friendship,Georg Brandt,Dakar,28/08/1971,3
Omar Khayyam,Baku,Friendship,Leonhard Euler,Santiago,28/08/1971,1
Omar Khayyam,Baku,Friendship,Mae Carol Jemison,Dakar,28/08/1971,1
Leonhard Euler,Santiago,Friendship,Georg Brandt,Dakar,28/08/1971,1
Leonhard Euler,Santiago,Friendship,Fred Hoyle,Santiago,28/08/1971,1
Georg Brandt,Dakar,Friendship,Joseph Henry,Dakar,28/08/1971,1
Jane Marcet,Hanoi,Friendship,Aristarchus,Bratislava,28/08/1971,2
Jane Marcet,Hanoi,Friendship,Maurice Wilkins,Kigali,28/08/1971,3
Jane Marcet,Hanoi,Friendship,Henry Cavendish,Baku,28/08/1971,4
Jane Marcet,Sarajevo,Friendship,Ibn Rushd,Baku,28/08/1971,2
Jane Marcet,Sarajevo,Friendship,Albert Abraham Michelson,Sarajevo,28/08/1971,1
Albert Abraham Michelson,Sarajevo,Friendship,Aristarchus,Bratislava,28/08/1971,1
Albert Abraham Michelson,Sarajevo,Friendship,Maurice Wilkins,Kigali,28/08/1971,2
Albert Abraham Michelson,Sarajevo,Friendship,Henry Cavendish,Baku,28/08/1971,1
Albert Abraham Michelson,Sarajevo,Friendship,Ibn Rushd,Baku,28/08/1971,3
Albert Abraham Michelson,Sarajevo,Friendship,Anaximander,Sarajevo,28/08/1971,1
Albert Abraham Michelson,Sarajevo,Friendship,Marie Curie,Sarajevo,28/08/1971,1
Anaximander,Sarajevo,Friendship,Marie Curie,Sarajevo,28/08/1971,1
Aristarchus,Bratislava,Food,Luigi Galvani,Asunción,28/08/1971,1
Maurice Wilkins,Kigali,Colleges,Luigi Galvani,Asunción,28/08/1971,1
Henry Cavendish,Baku,Food,Luigi Galvani,Asunción,28/08/1971,2
Ibn Rushd,Baku,Food,Luigi Galvani,Asunción,28/08/1971,3
Aristarchus,Bratislava,Food,Gertrude Elion,Baku,28/08/1971,4
Maurice Wilkins,Kigali,Colleges,Gertrude Elion,Baku,28/08/1971,2
Henry Cavendish,Baku,Food,Gertrude Elion,Baku,28/08/1971,1
Ibn Rushd,Baku,Food,Gertrude Elion,Baku,28/08/1971,1
Aristarchus,Bratislava,Friendship,Maria Goeppert-Mayer,Bratislava,28/08/1971,2
Aristarchus,Bratislava,Friendship,Maurice Wilkins,Kigali,28/08/1971,1
Aristarchus,Bratislava,Friendship,Henry Cavendish,Baku,28/08/1971,3
Aristarchus,Bratislava,Friendship,James Prescott Joule,Baku,28/08/1971,1
Aristarchus,Bratislava,Friendship,Ibn Rushd,Baku,28/08/1971,1
Maurice Wilkins,Kigali,Friendship,Henry Cavendish,Baku,28/08/1971,1
Maurice Wilkins,Kigali,Friendship,Ibn Rushd,Baku,28/08/1971,1
Henry Cavendish,Baku,Friendship,Ibn Rushd,Baku,28/08/1971,1
Ibn Rushd,Baku,Friendship,James Prescott Joule,Baku,28/08/1971,2
Gertrude Elion,Baku,Friendship,Wilhelm Wundt,Baku,28/08/1971,3
Aristarchus,Bratislava,Colleges,Gertrude Elion,Baku,28/08/1971,4
Maurice Wilkins,Kigali,Colleges,Gertrude Elion,Baku,28/08/1971,2
Henry Cavendish,Baku,Food,Gertrude Elion,Baku,28/08/1971,1
Ibn Rushd,Baku,Food,Gertrude Elion,Baku,28/08/1971,1
Aristarchus,Bratislava,Friendship,Maria Goeppert-Mayer,Bratislava,28/08/1971,2
Aristarchus,Bratislava,Friendship,Maurice Wilkins,Kigali,28/08/1971,1
Aristarchus,Bratislava,Friendship,Henry Cavendish,Baku,28/08/1971,3
Aristarchus,Bratislava,Friendship,James Prescott Joule,Baku,28/08/1971,1
Aristarchus,Bratislava,Friendship,Ibn Rushd,Baku,28/08/1971,1
Maurice Wilkins,Kigali,Friendship,Henry Cavendish,Baku,28/08/1971,1
Maurice Wilkins,Kigali,Friendship,Ibn Rushd,Baku,28/08/1971,1
Henry Cavendish,Baku,Friendship,Ibn Rushd,Baku,28/08/1971,1
Ibn Rushd,Baku,Friendship,James Prescott Joule,Baku,28/08/1971,2
Gertrude Elion,Baku,Friendship,Wilhelm Wundt,Baku,28/08/1971,3
Aristarchus,Bratislava,Food,Gertrude Elion,Baku,28/08/1971,4
Maurice Wilkins,Kigali,Colleges,Gertrude Elion,Baku,28/08/1971,2
Henry Cavendish,Baku,Food,Gertrude Elion,Baku,28/08/1971,1
Ibn Rushd,Baku,Food,Gertrude Elion,Baku,28/08/1971,1
Aristarchus,Bratislava,Food,Maurice Wilkins,Kigali,28/08/1971,2
Aristarchus,Bratislava,Food,Henry Cavendish,Baku,28/08/1971,1
Aristarchus,Bratislava,Food,Ibn Rushd,Baku,28/08/1971,3
Ibn Rushd,Baku,Friendship,James Prescott Joule,Baku,28/08/1971,1
Maurice Wilkins,Kigali,Colleges,Henry Cavendish,Baku,28/08/1971,1
Maurice Wilkins,Kigali,Colleges,Ibn Rushd,Baku,28/08/1971,1
Henry Cavendish,Baku,Food,Ibn Rushd,Baku,28/08/1971,1
Jane Marcet,Hanoi,Friendship,Aristarchus,Bratislava,28/08/1971,1
Jane Marcet,Hanoi,Friendship,Maurice Wilkins,Kigali,28/08/1971,2
Jane Marcet,Hanoi,Friendship,Henry Cavendish,Baku,28/08/1971,3
Jane Marcet,Sarajevo,Friendship,Ibn Rushd,Baku,28/08/1971,4
Jane Marcet,Sarajevo,Friendship,Albert Abraham Michelson,Sarajevo,28/08/1971,2
Albert Abraham Michelson,Sarajevo,Friendship,Aristarchus,Bratislava,28/08/1971,1
Albert Abraham Michelson,Sarajevo,Friendship,Maurice Wilkins,Kigali,28/08/1971,1
Albert Abraham Michelson,Sarajevo,Friendship,Henry Cavendish,Baku,28/08/1971,2
Albert Abraham Michelson,Sarajevo,Friendship,Ibn Rushd,Baku,28/08/1971,1
Albert Abraham Michelson,Sarajevo,Friendship,Anaximander,Sarajevo,28/08/1971,3
Albert Abraham Michelson,Sarajevo,Friendship,Marie Curie,Sarajevo,28/08/1971,1
Anaximander,Sarajevo,Friendship,Marie Curie,Sarajevo,28/08/1971,1
Aristarchus,Bratislava,Friendship,Ronald Fisher,Sarajevo,28/08/1971,1
Wilbur and Orville Wright,Yaoundé,Food,Claudius Ptolemy,Oslo,26/06/1966,1
Wilbur and Orville Wright,Yaoundé,Work,Muhammad ibn Musa al-Khwarizmi,Bangkok,26/06/1966,1
Wilbur and Orville Wright,Yaoundé,Colleges,Sigmund Freud,Yaoundé,27/10/1967,2
Wilbur and Orville Wright,Yaoundé,Work,Muhammad ibn Musa al-Khwarizmi,Bangkok,27/10/1967,3
Wilbur and Orville Wright,Yaoundé,Colleges,Sigmund Freud,Yaoundé,27/10/1967,4
Wilbur and Orville Wright,Yaoundé,Work,Muhammad ibn Musa al-Khwarizmi,Bangkok,27/10/1967,2
Wilbur and Orville Wright,Yaoundé,Colleges,Sigmund Freud,Yaoundé,31/10/1967,1
Wilbur and Orville Wright,Yaoundé,Work,Muhammad ibn Musa al-Khwarizmi,Bangkok,31/10/1967,1
Wilbur and Orville Wright,Yaoundé,Colleges,Sigmund Freud,Yaoundé,01/11/1967,2
Wilbur and Orville Wright,Yaoundé,Work,Muhammad ibn Musa al-Khwarizmi,Bangkok,01/11/1967,1
Wilbur and Orville Wright,Yaoundé,Colleges,Sigmund Freud,Yaoundé,27/10/1967,3
Wilbur and Orville Wright,Yaoundé,Work,Christiaan Huygens,Bangkok,27/10/1967,1
Wilbur and Orville Wright,Yaoundé,Colleges,Sigmund Freud,Yaoundé,27/10/1967,1
Wilbur and Orville Wright,Yaoundé,Work,Christiaan Huygens,Bangkok,27/10/1967,1
Wilbur and Orville Wright,Yaoundé,Colleges,Sigmund Freud,Yaoundé,13/01/1968,1
Wilbur and Orville Wright,Yaoundé,Work,Muhammad ibn Musa al-Khwarizmi,Bangkok,13/01/1968,1
Wilbur and Orville Wright,Yaoundé,Colleges,James Watt,Bern,11/07/1968,2
Wilbur and Orville Wright,Yaoundé,Colleges,Benjamin Franklin,Bern,11/07/1968,3
Wilbur and Orville Wright,Yaoundé,Work,Bill Nye,Bangkok,11/07/1968,4
Wilbur and Orville Wright,Yaoundé,Colleges,Jocelyn Bell Burnell,Sarajevo,19/02/1970,2
Jocelyn Bell Burnell,Sarajevo,Friendship,Alfred Nobel,Sarajevo,19/02/1970,1
Jocelyn Bell Burnell,Sarajevo,Friendship,Beatrix Potter,Sarajevo,19/02/1970,1
Wilbur and Orville Wright,Yaoundé,Colleges,Beatrix Potter,Sarajevo,19/02/1970,2
Zora Neale Hurston,Yaoundé,Colleges,Franz Mesmer,Riyadh,12/01/1972,1
Zora Neale Hurston,Yaoundé,Colleges,Jonas Salk,Riyadh,12/01/1972,3
Franz Mesmer,Riyadh,Colleges,Jonas Salk,Riyadh,12/01/1972,1
Zora Neale Hurston,Yaoundé,Work,Francis Bacon,Bangkok,12/01/1972,1
Zora Neale Hurston,Yaoundé,Work,Svante Arrhenius,Bangkok,12/01/1972,1
Francis Bacon,Bangkok,Work,Svante Arrhenius,Bangkok,12/01/1972,1
Zora Neale Hurston,Yaoundé,Colleges,Franz Mesmer,Riyadh,02/01/1973,1
Zora Neale Hurston,Yaoundé,Colleges,Jonas Salk,Riyadh,02/01/1973,2
Franz Mesmer,Riyadh,Colleges,Jonas Salk,Riyadh,02/01/1973,3
Zora Neale Hurston,Yaoundé,Work,Francis Bacon,Bangkok,02/01/1973,4
Zora Neale Hurston,Yaoundé,Work,Svante Arrhenius,Bangkok,02/01/1973,2
Francis Bacon,Bangkok,Colleges,Svante Arrhenius,Bangkok,02/01/1973,1
Zora Neale Hurston,Yaoundé,Colleges,Arnold Sommerfeld,Bangkok,25/08/1972,1
Zora Neale Hurston,Yaoundé,Work,Bill Nye,Bangkok,25/08/1972,2
Zora Neale Hurston,Yaoundé,Colleges,Arnold Sommerfeld,Bangkok,25/08/1972,1
Zora Neale Hurston,Yaoundé,Work,Francis Bacon,Bangkok,25/08/1972,3
Zora Neale Hurston,Yaoundé,Work,Svante Arrhenius,Bangkok,25/08/1972,1
Zora Neale Hurston,Yaoundé,Colleges,Arnold Sommerfeld,Bangkok,23/09/1972,1
Zora Neale Hurston,Yaoundé,Work,Bill Nye,Bangkok,23/09/1972,1